mode,with_seqs,threads,region_length,batch_size,buffer_bytes,n_epochs,instances,bytes,wall_s,instances_per_s,MiB_per_s,peak_rss_MiB,timed_out,git_sha,host,started_at,cpu_brand,cpu_microarch,logical_cpus
buffered,haplotypes,1,1000,16,67108864,203,101500,203011774,1.5070262845838442,67351.1809570253,128.46963372329867,115808.0,False,596edea,Davids-MacBook-Pro.local,2026-05-29T14:13:58,Apple M4 Pro,Apple M4 Pro (arm64),14
buffered,haplotypes,1,1000,16,536870912,203,101500,203011774,1.5008805921534076,67626.96548322447,128.99568147129534,48112.0,False,596edea,Davids-MacBook-Pro.local,2026-05-29T14:13:58,Apple M4 Pro,Apple M4 Pro (arm64),14
buffered,haplotypes,1,1000,128,67108864,490,245000,490028420,1.5027693647425622,163032.33599785998,310.9775388209302,0.0,False,596edea,Davids-MacBook-Pro.local,2026-05-29T14:13:58,Apple M4 Pro,Apple M4 Pro (arm64),14
buffered,haplotypes,1,1000,128,536870912,485,242500,485028130,1.5003750942414626,161626.24994958314,308.29548696914713,0.0,False,596edea,Davids-MacBook-Pro.local,2026-05-29T14:13:58,Apple M4 Pro,Apple M4 Pro (arm64),14
buffered,haplotypes,1,10000,16,67108864,76,38000,759892384,1.5022284563165158,25295.753012944853,482.40988033901635,0.0,False,596edea,Davids-MacBook-Pro.local,2026-05-29T14:13:58,Apple M4 Pro,Apple M4 Pro (arm64),14
buffered,haplotypes,1,10000,16,536870912,74,37000,739895216,1.5116267424309626,24476.941933759037,466.79450986444886,0.0,False,596edea,Davids-MacBook-Pro.local,2026-05-29T14:13:58,Apple M4 Pro,Apple M4 Pro (arm64),14
buffered,haplotypes,1,10000,128,67108864,110,55000,1099844240,1.5006990896072239,36649.585770319274,698.9363897127952,0.0,False,596edea,Davids-MacBook-Pro.local,2026-05-29T14:13:58,Apple M4 Pro,Apple M4 Pro (arm64),14
buffered,haplotypes,1,10000,128,536870912,113,56500,1129839992,1.5096884957747534,37424.939090500855,713.7229865861061,0.0,False,596edea,Davids-MacBook-Pro.local,2026-05-29T14:13:58,Apple M4 Pro,Apple M4 Pro (arm64),14
double_buffered,haplotypes,1,1000,16,67108864,177,88500,177010266,1.5007523382082582,58970.42286514761,112.48367910322911,0.0,False,596edea,Davids-MacBook-Pro.local,2026-05-29T14:13:58,Apple M4 Pro,Apple M4 Pro (arm64),14
double_buffered,haplotypes,1,1000,16,536870912,178,89000,178010324,1.5024259553756565,59237.52826657407,112.9931717743178,0.0,False,596edea,Davids-MacBook-Pro.local,2026-05-29T14:13:58,Apple M4 Pro,Apple M4 Pro (arm64),14
double_buffered,haplotypes,1,1000,128,67108864,327,163500,327018966,1.500253708451055,108981.56697030028,207.87789898144638,0.0,False,596edea,Davids-MacBook-Pro.local,2026-05-29T14:13:58,Apple M4 Pro,Apple M4 Pro (arm64),14
double_buffered,haplotypes,1,1000,128,536870912,327,163500,327018966,1.504139994038269,108699.98846386647,207.34079945220444,0.0,False,596edea,Davids-MacBook-Pro.local,2026-05-29T14:13:58,Apple M4 Pro,Apple M4 Pro (arm64),14
double_buffered,haplotypes,1,10000,16,67108864,62,31000,619912208,1.5054112903308123,20592.37910537245,392.71284531576407,0.0,False,596edea,Davids-MacBook-Pro.local,2026-05-29T14:13:58,Apple M4 Pro,Apple M4 Pro (arm64),14
double_buffered,haplotypes,1,10000,16,536870912,63,31500,629910792,1.5050199170364067,20929.95557296536,399.15069372665835,0.0,False,596edea,Davids-MacBook-Pro.local,2026-05-29T14:13:58,Apple M4 Pro,Apple M4 Pro (arm64),14
double_buffered,haplotypes,1,10000,128,67108864,80,40000,799886720,1.5200605413410813,26314.74136201825,501.84278859408164,0.0,False,596edea,Davids-MacBook-Pro.local,2026-05-29T14:13:58,Apple M4 Pro,Apple M4 Pro (arm64),14
double_buffered,haplotypes,1,10000,128,536870912,76,38000,759892384,1.5145176650257781,25090.49638543055,478.4954752186274,0.0,False,596edea,Davids-MacBook-Pro.local,2026-05-29T14:13:58,Apple M4 Pro,Apple M4 Pro (arm64),14
,haplotypes,1,1000,16,,30,15000,30001740,1.5298396230209619,9804.94933866311,18.70254140038443,0.0,False,596edea,Davids-MacBook-Pro.local,2026-05-29T14:13:58,Apple M4 Pro,Apple M4 Pro (arm64),14
,haplotypes,1,1000,128,,185,92500,185010730,1.5011632434325293,61618.881493854984,117.53550603672338,0.0,False,596edea,Davids-MacBook-Pro.local,2026-05-29T14:13:58,Apple M4 Pro,Apple M4 Pro (arm64),14
,haplotypes,1,10000,16,,24,12000,239966016,1.5357443343382329,7813.800599284591,149.0153153442332,0.0,False,596edea,Davids-MacBook-Pro.local,2026-05-29T14:13:58,Apple M4 Pro,Apple M4 Pro (arm64),14
,haplotypes,1,10000,128,,71,35500,709899464,1.5157764203613624,23420.34057472458,446.644291963562,0.0,False,596edea,Davids-MacBook-Pro.local,2026-05-29T14:13:58,Apple M4 Pro,Apple M4 Pro (arm64),14
buffered,annotated,1,1000,16,67108864,60,30000,540031320,1.511010704911314,19854.260398347604,340.84073545275953,101136.0,False,596edea,Davids-MacBook-Pro.local,2026-05-29T14:13:58,Apple M4 Pro,Apple M4 Pro (arm64),14
buffered,annotated,1,1000,16,536870912,63,31500,567032886,1.505659245303832,20921.06836141634,359.15476999365177,23072.0,False,596edea,Davids-MacBook-Pro.local,2026-05-29T14:13:58,Apple M4 Pro,Apple M4 Pro (arm64),14
buffered,annotated,1,1000,128,67108864,131,65500,1179068382,1.507208870840259,43457.812163409166,746.0460556957852,0.0,False,596edea,Davids-MacBook-Pro.local,2026-05-29T14:13:58,Apple M4 Pro,Apple M4 Pro (arm64),14
buffered,annotated,1,1000,128,536870912,119,59500,1071062118,1.5121505428105593,39347.93416097997,675.4912320527109,0.0,False,596edea,Davids-MacBook-Pro.local,2026-05-29T14:13:58,Apple M4 Pro,Apple M4 Pro (arm64),14
buffered,annotated,1,10000,16,67108864,16,8000,1439796096,1.6008767490275204,4997.261659812184,857.7153478250578,400.0,False,596edea,Davids-MacBook-Pro.local,2026-05-29T14:13:58,Apple M4 Pro,Apple M4 Pro (arm64),14
buffered,annotated,1,10000,16,536870912,15,7500,1349808840,1.5087304587941617,4971.066870350257,853.2193509203479,32.0,False,596edea,Davids-MacBook-Pro.local,2026-05-29T14:13:58,Apple M4 Pro,Apple M4 Pro (arm64),14
buffered,annotated,1,10000,128,67108864,23,11500,2069706888,1.5374008321668953,7480.157262430568,1283.872273434827,0.0,False,596edea,Davids-MacBook-Pro.local,2026-05-29T14:13:58,Apple M4 Pro,Apple M4 Pro (arm64),14
buffered,annotated,1,10000,128,536870912,24,12000,2159694144,1.5591992078116164,7696.258399747629,1320.963239403229,0.0,False,596edea,Davids-MacBook-Pro.local,2026-05-29T14:13:58,Apple M4 Pro,Apple M4 Pro (arm64),14
double_buffered,annotated,1,1000,16,67108864,56,28000,504029232,1.5067005034070462,18583.653444519754,319.0280564647213,0.0,False,596edea,Davids-MacBook-Pro.local,2026-05-29T14:13:58,Apple M4 Pro,Apple M4 Pro (arm64),14
double_buffered,annotated,1,1000,16,536870912,58,29000,522030276,1.5147211311850697,19145.43832719315,328.67229244908367,0.0,False,596edea,Davids-MacBook-Pro.local,2026-05-29T14:13:58,Apple M4 Pro,Apple M4 Pro (arm64),14
double_buffered,annotated,1,1000,128,67108864,101,50500,909052722,1.5119866685708985,33399.76538796579,573.3782256493084,0.0,False,596edea,Davids-MacBook-Pro.local,2026-05-29T14:13:58,Apple M4 Pro,Apple M4 Pro (arm64),14
double_buffered,annotated,1,1000,128,536870912,96,48000,864050112,1.503395289881155,31927.73073261022,548.1076104525268,0.0,False,596edea,Davids-MacBook-Pro.local,2026-05-29T14:13:58,Apple M4 Pro,Apple M4 Pro (arm64),14
double_buffered,annotated,1,10000,16,67108864,13,6500,1169834328,1.5503433761186898,4192.619583587255,719.6089397027582,0.0,False,596edea,Davids-MacBook-Pro.local,2026-05-29T14:13:58,Apple M4 Pro,Apple M4 Pro (arm64),14
double_buffered,annotated,1,10000,16,536870912,12,6000,1079847072,1.5037265419960022,3990.0871816997906,684.846871723056,0.0,False,596edea,Davids-MacBook-Pro.local,2026-05-29T14:13:58,Apple M4 Pro,Apple M4 Pro (arm64),14
double_buffered,annotated,1,10000,128,67108864,18,9000,1619770608,1.5868230442283675,5671.709919221948,973.4756707358641,0.0,False,596edea,Davids-MacBook-Pro.local,2026-05-29T14:13:58,Apple M4 Pro,Apple M4 Pro (arm64),14
double_buffered,annotated,1,10000,128,536870912,20,10000,1799745120,1.5408264150610194,6490.023731585613,1113.9286555867575,0.0,False,596edea,Davids-MacBook-Pro.local,2026-05-29T14:13:58,Apple M4 Pro,Apple M4 Pro (arm64),14
,annotated,1,1000,16,,13,6500,117006786,1.588624957948923,4091.58874627789,70.24084954419435,0.0,False,596edea,Davids-MacBook-Pro.local,2026-05-29T14:13:58,Apple M4 Pro,Apple M4 Pro (arm64),14
,annotated,1,1000,128,,63,31500,567032886,1.5022465887013823,20968.594794567107,359.9706626083121,0.0,False,596edea,Davids-MacBook-Pro.local,2026-05-29T14:13:58,Apple M4 Pro,Apple M4 Pro (arm64),14
,annotated,1,10000,16,,8,4000,719898048,1.527623833855614,2618.445661393148,449.4223404958239,0.0,False,596edea,Davids-MacBook-Pro.local,2026-05-29T14:13:58,Apple M4 Pro,Apple M4 Pro (arm64),14
,annotated,1,10000,128,,18,9000,1619770608,1.5475203366950154,5815.755558483311,998.1992421620572,0.0,False,596edea,Davids-MacBook-Pro.local,2026-05-29T14:13:58,Apple M4 Pro,Apple M4 Pro (arm64),14
buffered,variants,1,1000,16,67108864,306,153000,5952924,1.5037039134185761,101748.75428245986,3.775444537755917,0.0,False,596edea,Davids-MacBook-Pro.local,2026-05-29T14:13:58,Apple M4 Pro,Apple M4 Pro (arm64),14
buffered,variants,1,1000,16,536870912,296,148000,5758384,1.5025014647981152,98502.39980956433,3.6549867360978405,0.0,False,596edea,Davids-MacBook-Pro.local,2026-05-29T14:13:58,Apple M4 Pro,Apple M4 Pro (arm64),14
buffered,variants,1,1000,128,67108864,541,270500,10524614,1.502236373256892,180064.87182409794,6.681407959873202,0.0,False,596edea,Davids-MacBook-Pro.local,2026-05-29T14:13:58,Apple M4 Pro,Apple M4 Pro (arm64),14
buffered,variants,1,1000,128,536870912,546,273000,10621884,1.5026247495552525,181682.0866825218,6.741415623324927,0.0,False,596edea,Davids-MacBook-Pro.local,2026-05-29T14:13:58,Apple M4 Pro,Apple M4 Pro (arm64),14
buffered,variants,1,10000,16,67108864,275,137500,37663175,1.5056467899121344,91322.87925777343,23.855796002401114,0.0,False,596edea,Davids-MacBook-Pro.local,2026-05-29T14:13:58,Apple M4 Pro,Apple M4 Pro (arm64),14
buffered,variants,1,10000,16,536870912,279,139500,38211003,1.5005765956593677,92964.26480562451,24.284566526382285,0.0,False,596edea,Davids-MacBook-Pro.local,2026-05-29T14:13:58,Apple M4 Pro,Apple M4 Pro (arm64),14
buffered,variants,1,10000,128,67108864,485,242500,66424145,1.5021031664218754,161440.30944136385,42.17220394165204,0.0,False,596edea,Davids-MacBook-Pro.local,2026-05-29T14:13:58,Apple M4 Pro,Apple M4 Pro (arm64),14
buffered,variants,1,10000,128,536870912,471,235500,64506747,1.500484015676193,156949.35603420736,40.999055775407676,0.0,False,596edea,Davids-MacBook-Pro.local,2026-05-29T14:13:58,Apple M4 Pro,Apple M4 Pro (arm64),14
double_buffered,variants,1,1000,16,67108864,232,116000,4513328,1.503156952909194,77170.91670001249,2.863470103229605,0.0,False,596edea,Davids-MacBook-Pro.local,2026-05-29T14:13:58,Apple M4 Pro,Apple M4 Pro (arm64),14
double_buffered,variants,1,1000,16,536870912,231,115500,4493874,1.5012143272906542,76937.71495536609,2.854817021830925,0.0,False,596edea,Davids-MacBook-Pro.local,2026-05-29T14:13:58,Apple M4 Pro,Apple M4 Pro (arm64),14
double_buffered,variants,1,1000,128,67108864,327,163500,6361458,1.50449700653553,108674.1942920169,4.032416869653504,0.0,False,596edea,Davids-MacBook-Pro.local,2026-05-29T14:13:58,Apple M4 Pro,Apple M4 Pro (arm64),14
double_buffered,variants,1,1000,128,536870912,327,163500,6361458,1.5029122048290446,108788.78984058688,4.0366690016913935,0.0,False,596edea,Davids-MacBook-Pro.local,2026-05-29T14:13:58,Apple M4 Pro,Apple M4 Pro (arm64),14
double_buffered,variants,1,10000,16,67108864,231,115500,31637067,1.5062737456755713,76679.28909442532,20.030527871141828,0.0,False,596edea,Davids-MacBook-Pro.local,2026-05-29T14:13:58,Apple M4 Pro,Apple M4 Pro (arm64),14
double_buffered,variants,1,10000,16,536870912,230,115000,31500110,1.5066269198432565,76329.44724760669,19.93914052332014,0.0,False,596edea,Davids-MacBook-Pro.local,2026-05-29T14:13:58,Apple M4 Pro,Apple M4 Pro (arm64),14
double_buffered,variants,1,10000,128,67108864,308,154000,42182756,1.5024635357549414,102498.32780309026,26.775099717956223,0.0,False,596edea,Davids-MacBook-Pro.local,2026-05-29T14:13:58,Apple M4 Pro,Apple M4 Pro (arm64),14
double_buffered,variants,1,10000,128,536870912,281,140500,38484917,1.5039836245123297,93418.57032888736,24.4032423716229,0.0,False,596edea,Davids-MacBook-Pro.local,2026-05-29T14:13:58,Apple M4 Pro,Apple M4 Pro (arm64),14
,variants,1,1000,16,,19,9500,369626,1.5619064999045804,6082.310305117734,0.2256875318064888,0.0,False,596edea,Davids-MacBook-Pro.local,2026-05-29T14:13:58,Apple M4 Pro,Apple M4 Pro (arm64),14
,variants,1,1000,128,,148,74000,2879192,1.5054689969401807,49154.11752111981,1.8238910718076033,0.0,False,596edea,Davids-MacBook-Pro.local,2026-05-29T14:13:58,Apple M4 Pro,Apple M4 Pro (arm64),14
,variants,1,10000,16,,19,9500,2602183,1.5041958339279518,6315.667006730344,1.6498085141005854,0.0,False,596edea,Davids-MacBook-Pro.local,2026-05-29T14:13:58,Apple M4 Pro,Apple M4 Pro (arm64),14
,variants,1,10000,128,,142,71000,19447894,1.5040753306820989,47205.08245275286,12.331135706866595,0.0,False,596edea,Davids-MacBook-Pro.local,2026-05-29T14:13:58,Apple M4 Pro,Apple M4 Pro (arm64),14
buffered,haplotypes,2,5000,64,268435456,156,78000,779884560,1.5066967038437724,51768.8794307522,493.6334384593624,76016.0,False,596edea,Davids-MacBook-Pro.local,2026-05-29T14:13:58,Apple M4 Pro,Apple M4 Pro (arm64),14
double_buffered,haplotypes,2,5000,64,268435456,105,52500,524922300,1.5138896650169045,34678.881303687194,330.6746371198106,0.0,False,596edea,Davids-MacBook-Pro.local,2026-05-29T14:13:58,Apple M4 Pro,Apple M4 Pro (arm64),14
,haplotypes,2,5000,64,,75,37500,374944500,1.5183113786624745,24698.49105197042,235.50830531401377,9936.0,False,596edea,Davids-MacBook-Pro.local,2026-05-29T14:13:58,Apple M4 Pro,Apple M4 Pro (arm64),14
buffered,annotated,2,5000,64,268435456,33,16500,1484780220,1.5471327921841294,10664.88932517971,915.2393178371073,8928.0,False,596edea,Davids-MacBook-Pro.local,2026-05-29T14:13:58,Apple M4 Pro,Apple M4 Pro (arm64),14
double_buffered,annotated,2,5000,64,268435456,28,14000,1259813520,1.5186527527403086,9218.697279373395,791.130029769749,0.0,False,596edea,Davids-MacBook-Pro.local,2026-05-29T14:13:58,Apple M4 Pro,Apple M4 Pro (arm64),14
,annotated,2,5000,64,,23,11500,1034846820,1.5454950407147408,7440.98149592355,638.5700423808993,55856.0,False,596edea,Davids-MacBook-Pro.local,2026-05-29T14:13:58,Apple M4 Pro,Apple M4 Pro (arm64),14
buffered,variants,2,5000,64,268435456,448,224000,32888128,1.5001027854159474,149323.1011752901,20.908275948294108,0.0,False,596edea,Davids-MacBook-Pro.local,2026-05-29T14:13:58,Apple M4 Pro,Apple M4 Pro (arm64),14
double_buffered,variants,2,5000,64,268435456,311,155500,22830821,1.5019327036570758,103533.26725050397,14.496766437772267,0.0,False,596edea,Davids-MacBook-Pro.local,2026-05-29T14:13:58,Apple M4 Pro,Apple M4 Pro (arm64),14
,variants,2,5000,64,,75,37500,5505825,1.5035586220910773,24940.830007576824,3.492224257824368,0.0,False,596edea,Davids-MacBook-Pro.local,2026-05-29T14:13:58,Apple M4 Pro,Apple M4 Pro (arm64),14
buffered,haplotypes,4,5000,64,268435456,154,77000,769886040,1.5022908754181117,51255.05403776726,488.73394288797067,57904.0,False,596edea,Davids-MacBook-Pro.local,2026-05-29T14:13:58,Apple M4 Pro,Apple M4 Pro (arm64),14
buffered,haplotypes,4,2500,64,268435456,228,114000,569919060,1.5018695091130212,75905.39611349223,361.89373754140905,26512.0,False,596edea,Davids-MacBook-Pro.local,2026-05-29T14:13:58,Apple M4 Pro,Apple M4 Pro (arm64),14
buffered,haplotypes,4,25000,64,268435456,40,20000,999858680,1.5087654190137982,13255.87115661291,631.9998663378266,48.0,False,596edea,Davids-MacBook-Pro.local,2026-05-29T14:13:58,Apple M4 Pro,Apple M4 Pro (arm64),14
buffered,haplotypes,4,5000,32,268435456,137,68500,684898620,1.5081458759959787,45420.00948997234,433.0948574883253,0.0,False,596edea,Davids-MacBook-Pro.local,2026-05-29T14:13:58,Apple M4 Pro,Apple M4 Pro (arm64),14
buffered,haplotypes,4,5000,256,268435456,277,138500,1384795020,1.5041908752173185,92076.08042429466,877.9759708823382,0.0,False,596edea,Davids-MacBook-Pro.local,2026-05-29T14:13:58,Apple M4 Pro,Apple M4 Pro (arm64),14
buffered,haplotypes,4,5000,64,134217728,168,84000,839875680,1.5042653770651668,55841.210786812524,532.4644688378913,0.0,False,596edea,Davids-MacBook-Pro.local,2026-05-29T14:13:58,Apple M4 Pro,Apple M4 Pro (arm64),14
buffered,haplotypes,4,5000,64,536870912,170,85000,849874200,1.5001159940147772,56662.28500938354,540.2936839218345,0.0,False,596edea,Davids-MacBook-Pro.local,2026-05-29T14:13:58,Apple M4 Pro,Apple M4 Pro (arm64),14
double_buffered,haplotypes,4,5000,64,268435456,105,52500,524922300,1.500394708942622,34990.79254751471,333.64881429879836,0.0,False,596edea,Davids-MacBook-Pro.local,2026-05-29T14:13:58,Apple M4 Pro,Apple M4 Pro (arm64),14
double_buffered,haplotypes,4,2500,64,268435456,164,82000,409941780,1.509023914579302,54339.761754445506,259.0753817952937,0.0,False,596edea,Davids-MacBook-Pro.local,2026-05-29T14:13:58,Apple M4 Pro,Apple M4 Pro (arm64),14
double_buffered,haplotypes,4,25000,64,268435456,31,15500,774890477,1.503579125739634,10308.735825509222,491.48936247646145,0.0,False,596edea,Davids-MacBook-Pro.local,2026-05-29T14:13:58,Apple M4 Pro,Apple M4 Pro (arm64),14
double_buffered,haplotypes,4,5000,32,268435456,99,49500,494926740,1.5139025395037606,32696.95288061642,311.77629214849554,0.0,False,596edea,Davids-MacBook-Pro.local,2026-05-29T14:13:58,Apple M4 Pro,Apple M4 Pro (arm64),14
double_buffered,haplotypes,4,5000,256,268435456,183,91500,914864580,1.5078638375271112,60681.87174649637,578.6217768619335,0.0,False,596edea,Davids-MacBook-Pro.local,2026-05-29T14:13:58,Apple M4 Pro,Apple M4 Pro (arm64),14
double_buffered,haplotypes,4,5000,64,134217728,106,53000,529921560,1.5093489157734439,35114.478465597815,334.82820055756474,0.0,False,596edea,Davids-MacBook-Pro.local,2026-05-29T14:13:58,Apple M4 Pro,Apple M4 Pro (arm64),14
double_buffered,haplotypes,4,5000,64,536870912,106,53000,529921560,1.5016733777010813,35293.95991632877,336.5396157289615,0.0,False,596edea,Davids-MacBook-Pro.local,2026-05-29T14:13:58,Apple M4 Pro,Apple M4 Pro (arm64),14
,haplotypes,4,5000,64,,80,40000,399940800,1.5154176250798628,26395.36411482082,251.6885528653319,0.0,False,596edea,Davids-MacBook-Pro.local,2026-05-29T14:13:58,Apple M4 Pro,Apple M4 Pro (arm64),14
,haplotypes,4,2500,64,,97,48500,242465565,1.510348585434258,32111.792249638318,153.0992144352859,0.0,False,596edea,Davids-MacBook-Pro.local,2026-05-29T14:13:58,Apple M4 Pro,Apple M4 Pro (arm64),14
,haplotypes,4,25000,64,,31,15500,774890477,1.5437810418661684,10040.283939011933,478.69038801601755,0.0,False,596edea,Davids-MacBook-Pro.local,2026-05-29T14:13:58,Apple M4 Pro,Apple M4 Pro (arm64),14
,haplotypes,4,5000,32,,48,24000,239964480,1.519629130139947,15793.327150677726,150.59461344012666,0.0,False,596edea,Davids-MacBook-Pro.local,2026-05-29T14:13:58,Apple M4 Pro,Apple M4 Pro (arm64),14
,haplotypes,4,5000,256,,139,69500,694897140,1.5097094986122102,46035.34657752858,438.9623007415305,0.0,False,596edea,Davids-MacBook-Pro.local,2026-05-29T14:13:58,Apple M4 Pro,Apple M4 Pro (arm64),14
buffered,annotated,4,5000,64,268435456,37,18500,1664753580,1.5232538774143904,12145.053608136792,1042.2640348608502,0.0,False,596edea,Davids-MacBook-Pro.local,2026-05-29T14:13:58,Apple M4 Pro,Apple M4 Pro (arm64),14
buffered,annotated,4,2500,64,268435456,68,34000,1529782740,1.514295084751211,22452.69125045465,963.4281478627861,0.0,False,596edea,Davids-MacBook-Pro.local,2026-05-29T14:13:58,Apple M4 Pro,Apple M4 Pro (arm64),14
buffered,annotated,4,25000,64,268435456,8,4000,1799745624,1.6371789161348715,2443.2271638602497,1048.3711711395777,832.0,False,596edea,Davids-MacBook-Pro.local,2026-05-29T14:13:58,Apple M4 Pro,Apple M4 Pro (arm64),14
buffered,annotated,4,5000,32,268435456,31,15500,1394793540,1.5424079978838563,10049.221750189054,862.403966792395,0.0,False,596edea,Davids-MacBook-Pro.local,2026-05-29T14:13:58,Apple M4 Pro,Apple M4 Pro (arm64),14
buffered,annotated,4,5000,256,268435456,76,38000,3419493840,1.5130992882186547,25114.016175856334,2155.234276897056,0.0,False,596edea,Davids-MacBook-Pro.local,2026-05-29T14:13:58,Apple M4 Pro,Apple M4 Pro (arm64),14
buffered,annotated,4,5000,64,134217728,37,18500,1664753580,1.542601415887475,11992.728523042846,1029.1918029116907,0.0,False,596edea,Davids-MacBook-Pro.local,2026-05-29T14:13:58,Apple M4 Pro,Apple M4 Pro (arm64),14
buffered,annotated,4,5000,64,536870912,34,17000,1529773560,1.5004592512268573,11329.864497219683,972.306147532147,0.0,False,596edea,Davids-MacBook-Pro.local,2026-05-29T14:13:58,Apple M4 Pro,Apple M4 Pro (arm64),14
double_buffered,annotated,4,5000,64,268435456,29,14500,1304806860,1.5159686269471422,9564.841740293861,820.835450109927,0.0,False,596edea,Davids-MacBook-Pro.local,2026-05-29T14:13:58,Apple M4 Pro,Apple M4 Pro (arm64),14
double_buffered,annotated,4,2500,64,268435456,49,24500,1102343445,1.5233850829536095,16082.604637626007,690.092507218872,0.0,False,596edea,Davids-MacBook-Pro.local,2026-05-29T14:13:58,Apple M4 Pro,Apple M4 Pro (arm64),14
double_buffered,annotated,4,25000,64,268435456,7,3500,1574777421,1.5953489589737728,2193.877383573445,941.3769771287149,0.0,False,596edea,Davids-MacBook-Pro.local,2026-05-29T14:13:58,Apple M4 Pro,Apple M4 Pro (arm64),14
double_buffered,annotated,4,5000,32,268435456,28,14000,1259813520,1.5339408753206953,9126.81852686993,783.2451803164633,0.0,False,596edea,Davids-MacBook-Pro.local,2026-05-29T14:13:58,Apple M4 Pro,Apple M4 Pro (arm64),14
double_buffered,annotated,4,5000,256,268435456,52,26000,2339653680,1.5011993754887953,17319.484956176668,1486.3233094370687,0.0,False,596edea,Davids-MacBook-Pro.local,2026-05-29T14:13:58,Apple M4 Pro,Apple M4 Pro (arm64),14
double_buffered,annotated,4,5000,64,134217728,28,14000,1259813520,1.5082940408028662,9282.0097549068,796.5633788792388,0.0,False,596edea,Davids-MacBook-Pro.local,2026-05-29T14:13:58,Apple M4 Pro,Apple M4 Pro (arm64),14
double_buffered,annotated,4,5000,64,536870912,30,15000,1349800200,1.5423889611847699,9725.173336612776,834.5947847235738,0.0,False,596edea,Davids-MacBook-Pro.local,2026-05-29T14:13:58,Apple M4 Pro,Apple M4 Pro (arm64),14
,annotated,4,5000,64,,23,11500,1034846820,1.5293440811801702,7519.5635446051065,645.3137954979376,0.0,False,596edea,Davids-MacBook-Pro.local,2026-05-29T14:13:58,Apple M4 Pro,Apple M4 Pro (arm64),14
,annotated,4,2500,64,,32,16000,719897760,1.520484747365117,10522.959883502132,451.53231911081343,0.0,False,596edea,Davids-MacBook-Pro.local,2026-05-29T14:13:58,Apple M4 Pro,Apple M4 Pro (arm64),14
,annotated,4,25000,64,,8,4000,1799745624,1.6892773761646822,2367.8763810130213,1016.0386931660513,0.0,False,596edea,Davids-MacBook-Pro.local,2026-05-29T14:13:58,Apple M4 Pro,Apple M4 Pro (arm64),14
,annotated,4,5000,32,,17,8500,764886780,1.5903225399088115,5344.827723115455,458.68234822761445,0.0,False,596edea,Davids-MacBook-Pro.local,2026-05-29T14:13:58,Apple M4 Pro,Apple M4 Pro (arm64),14
,annotated,4,5000,256,,38,19000,1709746920,1.5064660413190722,12612.298902777435,1082.3620847974626,0.0,False,596edea,Davids-MacBook-Pro.local,2026-05-29T14:13:58,Apple M4 Pro,Apple M4 Pro (arm64),14
buffered,variants,4,5000,64,268435456,441,220500,32374251,1.502150341286324,146789.56822070223,20.553529725360818,0.0,False,596edea,Davids-MacBook-Pro.local,2026-05-29T14:13:58,Apple M4 Pro,Apple M4 Pro (arm64),14
buffered,variants,4,2500,64,268435456,451,225500,18067962,1.5029302916955203,150040.22558198875,11.464903864413515,0.0,False,596edea,Davids-MacBook-Pro.local,2026-05-29T14:13:58,Apple M4 Pro,Apple M4 Pro (arm64),14
buffered,variants,4,25000,64,268435456,384,192000,123066624,1.5024431373458356,127791.85795955021,78.1164195824135,0.0,False,596edea,Davids-MacBook-Pro.local,2026-05-29T14:13:58,Apple M4 Pro,Apple M4 Pro (arm64),14
buffered,variants,4,5000,32,268435456,384,192000,28189824,1.5007845261134207,127933.08876739428,17.913238486296045,0.0,False,596edea,Davids-MacBook-Pro.local,2026-05-29T14:13:58,Apple M4 Pro,Apple M4 Pro (arm64),14
buffered,variants,4,5000,256,268435456,548,274000,40229228,1.5003296302165836,182626.5338507286,25.57143492987792,0.0,False,596edea,Davids-MacBook-Pro.local,2026-05-29T14:13:58,Apple M4 Pro,Apple M4 Pro (arm64),14
buffered,variants,4,5000,64,134217728,444,222000,32594484,1.5000952932750806,147990.5983274695,20.721698405872083,0.0,False,596edea,Davids-MacBook-Pro.local,2026-05-29T14:13:58,Apple M4 Pro,Apple M4 Pro (arm64),14
buffered,variants,4,5000,64,536870912,413,206500,30318743,1.5001146174035966,137656.1481398074,19.27466486185341,0.0,False,596edea,Davids-MacBook-Pro.local,2026-05-29T14:13:58,Apple M4 Pro,Apple M4 Pro (arm64),14
double_buffered,variants,4,5000,64,268435456,308,154000,22610588,1.5022449309471995,102513.24323184736,14.353942296778005,0.0,False,596edea,Davids-MacBook-Pro.local,2026-05-29T14:13:58,Apple M4 Pro,Apple M4 Pro (arm64),14
double_buffered,variants,4,2500,64,268435456,312,156000,12499344,1.5030083681922406,103791.83729205093,7.930962725818909,0.0,False,596edea,Davids-MacBook-Pro.local,2026-05-29T14:13:58,Apple M4 Pro,Apple M4 Pro (arm64),14
double_buffered,variants,4,25000,64,268435456,303,151500,97107258,1.5008674134733155,100941.62791461898,61.70345032471576,0.0,False,596edea,Davids-MacBook-Pro.local,2026-05-29T14:13:58,Apple M4 Pro,Apple M4 Pro (arm64),14
double_buffered,variants,4,5000,32,268435456,266,133000,19527326,1.502825159812346,88499.98227112951,12.391800305377748,0.0,False,596edea,Davids-MacBook-Pro.local,2026-05-29T14:13:58,Apple M4 Pro,Apple M4 Pro (arm64),14
double_buffered,variants,4,5000,256,268435456,343,171500,25179973,1.5033447550376877,114078.95589172466,15.973377668318557,0.0,False,596edea,Davids-MacBook-Pro.local,2026-05-29T14:13:58,Apple M4 Pro,Apple M4 Pro (arm64),14
double_buffered,variants,4,5000,64,134217728,312,156000,22904232,1.5005662388866767,103960.75558499966,14.556623512745684,0.0,False,596edea,Davids-MacBook-Pro.local,2026-05-29T14:13:58,Apple M4 Pro,Apple M4 Pro (arm64),14
double_buffered,variants,4,5000,64,536870912,306,153000,22463766,1.5002816639607772,101980.8504464932,14.279396461730029,0.0,False,596edea,Davids-MacBook-Pro.local,2026-05-29T14:13:58,Apple M4 Pro,Apple M4 Pro (arm64),14
,variants,4,5000,64,,70,35000,5138770,1.5015753363259137,23308.85381058452,3.2637143461014175,0.0,False,596edea,Davids-MacBook-Pro.local,2026-05-29T14:13:58,Apple M4 Pro,Apple M4 Pro (arm64),14
,variants,4,2500,64,,72,36000,2884464,1.511185456882231,23822.357365900418,1.8203187576154756,0.0,False,596edea,Davids-MacBook-Pro.local,2026-05-29T14:13:58,Apple M4 Pro,Apple M4 Pro (arm64),14
,variants,4,25000,64,,69,34500,22113534,1.5203320806613192,22692.410716606777,13.871383554310684,0.0,False,596edea,Davids-MacBook-Pro.local,2026-05-29T14:13:58,Apple M4 Pro,Apple M4 Pro (arm64),14
,variants,4,5000,32,,36,18000,2642796,1.5108558754436672,11913.777013783163,1.6681714713265148,0.0,False,596edea,Davids-MacBook-Pro.local,2026-05-29T14:13:58,Apple M4 Pro,Apple M4 Pro (arm64),14
,variants,4,5000,256,,260,130000,19086860,1.5044693757081404,86409.20320415971,12.099048645821702,0.0,False,596edea,Davids-MacBook-Pro.local,2026-05-29T14:13:58,Apple M4 Pro,Apple M4 Pro (arm64),14
buffered,haplotypes,8,1000,16,67108864,197,98500,197011426,1.5070817025844008,65358.102238975145,124.66791726857187,150896.0,False,596edea,Davids-MacBook-Pro.local,2026-05-29T14:13:58,Apple M4 Pro,Apple M4 Pro (arm64),14
buffered,haplotypes,8,1000,16,536870912,199,99500,199011542,1.502124085673131,66239.53436936744,126.34921314689801,80.0,False,596edea,Davids-MacBook-Pro.local,2026-05-29T14:13:58,Apple M4 Pro,Apple M4 Pro (arm64),14
buffered,haplotypes,8,1000,128,67108864,459,229500,459026622,1.5013017570599914,152867.335910824,291.5882152868401,0.0,False,596edea,Davids-MacBook-Pro.local,2026-05-29T14:13:58,Apple M4 Pro,Apple M4 Pro (arm64),14
buffered,haplotypes,8,1000,128,536870912,459,229500,459026622,1.5004371335962787,152955.42536322708,291.75624232844956,0.0,False,596edea,Davids-MacBook-Pro.local,2026-05-29T14:13:58,Apple M4 Pro,Apple M4 Pro (arm64),14
buffered,haplotypes,8,10000,16,67108864,72,36000,719898048,1.516081168083474,23745.43049400761,452.84401208972275,32.0,False,596edea,Davids-MacBook-Pro.local,2026-05-29T14:13:58,Apple M4 Pro,Apple M4 Pro (arm64),14
buffered,haplotypes,8,10000,16,536870912,74,37000,739895216,1.5149549179477617,24423.169007644243,465.7690179235985,0.0,False,596edea,Davids-MacBook-Pro.local,2026-05-29T14:13:58,Apple M4 Pro,Apple M4 Pro (arm64),14
buffered,haplotypes,8,10000,128,67108864,116,58000,1159835744,1.5109176259720698,38387.26810979182,732.0753569150443,19168.0,False,596edea,Davids-MacBook-Pro.local,2026-05-29T14:13:58,Apple M4 Pro,Apple M4 Pro (arm64),14
buffered,haplotypes,8,10000,128,536870912,112,56000,1119841408,1.506592994206585,37169.95911659022,708.8603181911336,2320.0,False,596edea,Davids-MacBook-Pro.local,2026-05-29T14:13:58,Apple M4 Pro,Apple M4 Pro (arm64),14
double_buffered,haplotypes,8,1000,16,67108864,175,87500,175010150,1.505532136769034,58118.98521660286,110.85959647702298,0.0,False,596edea,Davids-MacBook-Pro.local,2026-05-29T14:13:58,Apple M4 Pro,Apple M4 Pro (arm64),14
double_buffered,haplotypes,8,1000,16,536870912,176,88000,176010208,1.5061234149616212,58428.14680777166,111.44930961663535,0.0,False,596edea,Davids-MacBook-Pro.local,2026-05-29T14:13:58,Apple M4 Pro,Apple M4 Pro (arm64),14
double_buffered,haplotypes,8,1000,128,67108864,324,162000,324018792,1.5005810423754156,107958.18114798682,205.92583221911127,0.0,False,596edea,Davids-MacBook-Pro.local,2026-05-29T14:13:58,Apple M4 Pro,Apple M4 Pro (arm64),14
double_buffered,haplotypes,8,1000,128,536870912,325,162500,325018850,1.5044782852055505,108010.86436272379,206.02632330485693,0.0,False,596edea,Davids-MacBook-Pro.local,2026-05-29T14:13:58,Apple M4 Pro,Apple M4 Pro (arm64),14
double_buffered,haplotypes,8,10000,16,67108864,63,31500,629910792,1.5176243778550997,20756.12415011402,395.8355919443963,0.0,False,596edea,Davids-MacBook-Pro.local,2026-05-29T14:13:58,Apple M4 Pro,Apple M4 Pro (arm64),14
double_buffered,haplotypes,8,10000,16,536870912,63,31500,629910792,1.5201562928268686,20721.55353277714,395.1763031157856,0.0,False,596edea,Davids-MacBook-Pro.local,2026-05-29T14:13:58,Apple M4 Pro,Apple M4 Pro (arm64),14
double_buffered,haplotypes,8,10000,128,67108864,85,42500,849879640,1.5031086242524907,28274.736312643825,539.2214319225684,0.0,False,596edea,Davids-MacBook-Pro.local,2026-05-29T14:13:58,Apple M4 Pro,Apple M4 Pro (arm64),14
double_buffered,haplotypes,8,10000,128,536870912,82,41000,819883888,1.516495714429766,27036.014417895574,515.5980323458481,0.0,False,596edea,Davids-MacBook-Pro.local,2026-05-29T14:13:58,Apple M4 Pro,Apple M4 Pro (arm64),14
,haplotypes,8,1000,16,,30,15000,30001740,1.5307977517368272,9798.812405480186,18.690835450362595,0.0,False,596edea,Davids-MacBook-Pro.local,2026-05-29T14:13:58,Apple M4 Pro,Apple M4 Pro (arm64),14
,haplotypes,8,1000,128,,194,97000,194011252,1.500573959434405,64641.93210214121,123.3018519100249,0.0,False,596edea,Davids-MacBook-Pro.local,2026-05-29T14:13:58,Apple M4 Pro,Apple M4 Pro (arm64),14
,haplotypes,8,10000,16,,24,12000,239966016,1.516665083821863,7912.096169419983,150.88988908009327,0.0,False,596edea,Davids-MacBook-Pro.local,2026-05-29T14:13:58,Apple M4 Pro,Apple M4 Pro (arm64),14
,haplotypes,8,10000,128,,74,37000,739895216,1.5177781220991164,24377.739711274982,464.902645556104,5056.0,False,596edea,Davids-MacBook-Pro.local,2026-05-29T14:13:58,Apple M4 Pro,Apple M4 Pro (arm64),14
buffered,annotated,8,1000,16,67108864,63,31500,567032886,1.5135193350724876,20812.419947374743,357.28958818356557,58432.0,False,596edea,Davids-MacBook-Pro.local,2026-05-29T14:13:58,Apple M4 Pro,Apple M4 Pro (arm64),14
buffered,annotated,8,1000,16,536870912,63,31500,567032886,1.5028457478620112,20960.234970763133,359.8271483984431,0.0,False,596edea,Davids-MacBook-Pro.local,2026-05-29T14:13:58,Apple M4 Pro,Apple M4 Pro (arm64),14
buffered,annotated,8,1000,128,67108864,139,69500,1251072558,1.5021881732391194,46265.841549091296,794.2518705579954,0.0,False,596edea,Davids-MacBook-Pro.local,2026-05-29T14:13:58,Apple M4 Pro,Apple M4 Pro (arm64),14
buffered,annotated,8,1000,128,536870912,141,70500,1269073602,1.5074868240626529,46766.57790613627,802.8480783632153,18096.0,False,596edea,Davids-MacBook-Pro.local,2026-05-29T14:13:58,Apple M4 Pro,Apple M4 Pro (arm64),14
buffered,annotated,8,10000,16,67108864,17,8500,1529783352,1.581790040479973,5373.658818474283,922.3190531820352,128.0,False,596edea,Davids-MacBook-Pro.local,2026-05-29T14:13:58,Apple M4 Pro,Apple M4 Pro (arm64),14
buffered,annotated,8,10000,16,536870912,17,8500,1529783352,1.582089085248299,5372.643095294459,922.1447174318216,48.0,False,596edea,Davids-MacBook-Pro.local,2026-05-29T14:13:58,Apple M4 Pro,Apple M4 Pro (arm64),14
buffered,annotated,8,10000,128,67108864,24,12000,2159694144,1.5492183299502358,7745.841737094258,1329.4735781314578,0.0,False,596edea,Davids-MacBook-Pro.local,2026-05-29T14:13:58,Apple M4 Pro,Apple M4 Pro (arm64),14
buffered,annotated,8,10000,128,536870912,24,12000,2159694144,1.5656738340621814,7664.431594201002,1315.500579761226,0.0,False,596edea,Davids-MacBook-Pro.local,2026-05-29T14:13:58,Apple M4 Pro,Apple M4 Pro (arm64),14
double_buffered,annotated,8,1000,16,67108864,57,28500,513029754,1.5186785021796823,18766.315555988574,322.16384128688316,0.0,False,596edea,Davids-MacBook-Pro.local,2026-05-29T14:13:58,Apple M4 Pro,Apple M4 Pro (arm64),14
double_buffered,annotated,8,1000,16,536870912,51,25500,459026622,1.5095286630094051,16892.690165394444,289.99906439364685,0.0,False,596edea,Davids-MacBook-Pro.local,2026-05-29T14:13:58,Apple M4 Pro,Apple M4 Pro (arm64),14
double_buffered,annotated,8,1000,128,67108864,100,50000,900052200,1.5026006266707554,33275.64165255458,571.2473769339254,0.0,False,596edea,Davids-MacBook-Pro.local,2026-05-29T14:13:58,Apple M4 Pro,Apple M4 Pro (arm64),14
double_buffered,annotated,8,1000,128,536870912,99,49500,891051678,1.5083794123493135,32816.67702087192,563.3682699074786,0.0,False,596edea,Davids-MacBook-Pro.local,2026-05-29T14:13:58,Apple M4 Pro,Apple M4 Pro (arm64),14
double_buffered,annotated,8,10000,16,67108864,15,7500,1349808840,1.6069275409681723,4667.291964814579,801.0803162851572,0.0,False,596edea,Davids-MacBook-Pro.local,2026-05-29T14:13:58,Apple M4 Pro,Apple M4 Pro (arm64),14
double_buffered,annotated,8,10000,16,536870912,15,7500,1349808840,1.5206592071335763,4932.071541616091,846.5263069643437,0.0,False,596edea,Davids-MacBook-Pro.local,2026-05-29T14:13:58,Apple M4 Pro,Apple M4 Pro (arm64),14
double_buffered,annotated,8,10000,128,67108864,21,10500,1889732376,1.5594478783896193,6733.152255683555,1155.6585230239364,0.0,False,596edea,Davids-MacBook-Pro.local,2026-05-29T14:13:58,Apple M4 Pro,Apple M4 Pro (arm64),14
double_buffered,annotated,8,10000,128,536870912,20,10000,1799745120,1.5484828340122476,6457.934037337159,1108.4208744983148,0.0,False,596edea,Davids-MacBook-Pro.local,2026-05-29T14:13:58,Apple M4 Pro,Apple M4 Pro (arm64),14
,annotated,8,1000,16,,13,6500,117006786,1.52369358506985,4265.949573911229,73.23412511993149,0.0,False,596edea,Davids-MacBook-Pro.local,2026-05-29T14:13:58,Apple M4 Pro,Apple M4 Pro (arm64),14
,annotated,8,1000,128,,69,34500,621036018,1.5178989164996892,22728.786235356052,390.1881037609469,0.0,False,596edea,Davids-MacBook-Pro.local,2026-05-29T14:13:58,Apple M4 Pro,Apple M4 Pro (arm64),14
,annotated,8,10000,16,,8,4000,719898048,1.5921197512652725,2512.3738316927243,431.21648246809787,0.0,False,596edea,Davids-MacBook-Pro.local,2026-05-29T14:13:58,Apple M4 Pro,Apple M4 Pro (arm64),14
,annotated,8,10000,128,,16,8000,1439796096,1.540182043099776,5194.19119047718,891.5157554062171,0.0,False,596edea,Davids-MacBook-Pro.local,2026-05-29T14:13:58,Apple M4 Pro,Apple M4 Pro (arm64),14
buffered,variants,8,1000,16,67108864,283,141500,5505482,1.5023560418048874,94185.39684508205,3.4948019222721602,0.0,False,596edea,Davids-MacBook-Pro.local,2026-05-29T14:13:58,Apple M4 Pro,Apple M4 Pro (arm64),14
buffered,variants,8,1000,16,536870912,292,146000,5680568,1.5050676228711382,97005.60810781611,3.5994474413479893,0.0,False,596edea,Davids-MacBook-Pro.local,2026-05-29T14:13:58,Apple M4 Pro,Apple M4 Pro (arm64),14
buffered,variants,8,1000,128,67108864,514,257000,9999356,1.5011833509197459,171198.27490928478,6.352407913370564,0.0,False,596edea,Davids-MacBook-Pro.local,2026-05-29T14:13:58,Apple M4 Pro,Apple M4 Pro (arm64),14
buffered,variants,8,1000,128,536870912,527,263500,10252258,1.5014323991490528,175499.0768477758,6.511991579049359,0.0,False,596edea,Davids-MacBook-Pro.local,2026-05-29T14:13:58,Apple M4 Pro,Apple M4 Pro (arm64),14
buffered,variants,8,10000,16,67108864,267,133500,36567519,1.5032065463019535,88810.15075967043,23.19940913694798,0.0,False,596edea,Davids-MacBook-Pro.local,2026-05-29T14:13:58,Apple M4 Pro,Apple M4 Pro (arm64),14
buffered,variants,8,10000,16,536870912,281,140500,38484917,1.501726969028823,93558.95105943413,24.439913292402114,0.0,False,596edea,Davids-MacBook-Pro.local,2026-05-29T14:13:58,Apple M4 Pro,Apple M4 Pro (arm64),14
buffered,variants,8,10000,128,67108864,440,220000,60261080,1.500297625665553,146637.5712635051,38.30536241061376,0.0,False,596edea,Davids-MacBook-Pro.local,2026-05-29T14:13:58,Apple M4 Pro,Apple M4 Pro (arm64),14
buffered,variants,8,10000,128,536870912,402,201000,55056714,1.5022083007497713,133803.01513423826,34.95265873668646,0.0,False,596edea,Davids-MacBook-Pro.local,2026-05-29T14:13:58,Apple M4 Pro,Apple M4 Pro (arm64),14
double_buffered,variants,8,1000,16,67108864,187,93500,3637898,1.5035101698013023,62187.806825647596,2.307513416263863,0.0,False,596edea,Davids-MacBook-Pro.local,2026-05-29T14:13:58,Apple M4 Pro,Apple M4 Pro (arm64),14
double_buffered,variants,8,1000,16,536870912,190,95000,3696260,1.5053952515590936,63106.35024363953,2.3415964844508426,0.0,False,596edea,Davids-MacBook-Pro.local,2026-05-29T14:13:58,Apple M4 Pro,Apple M4 Pro (arm64),14
double_buffered,variants,8,1000,128,67108864,283,141500,5505482,1.5004054186865687,94307.84389186415,3.499345388550425,0.0,False,596edea,Davids-MacBook-Pro.local,2026-05-29T14:13:58,Apple M4 Pro,Apple M4 Pro (arm64),14
double_buffered,variants,8,1000,128,536870912,324,162000,6303096,1.5009399091359228,107932.36892026004,4.004891023587683,0.0,False,596edea,Davids-MacBook-Pro.local,2026-05-29T14:13:58,Apple M4 Pro,Apple M4 Pro (arm64),14
double_buffered,variants,8,10000,16,67108864,209,104500,28624013,1.5032293756958097,69517.00232150493,18.159561323063564,0.0,False,596edea,Davids-MacBook-Pro.local,2026-05-29T14:13:58,Apple M4 Pro,Apple M4 Pro (arm64),14
double_buffered,variants,8,10000,16,536870912,176,88000,24104432,1.5023691694950685,58574.15193735368,15.301018003242774,0.0,False,596edea,Davids-MacBook-Pro.local,2026-05-29T14:13:58,Apple M4 Pro,Apple M4 Pro (arm64),14
double_buffered,variants,8,10000,128,67108864,253,126500,34650121,1.5018091406673193,84231.74195343527,22.003415456231373,0.0,False,596edea,Davids-MacBook-Pro.local,2026-05-29T14:13:58,Apple M4 Pro,Apple M4 Pro (arm64),14
double_buffered,variants,8,10000,128,536870912,300,150000,41087100,1.5033503721933812,99777.13963056443,26.064258026853967,0.0,False,596edea,Davids-MacBook-Pro.local,2026-05-29T14:13:58,Apple M4 Pro,Apple M4 Pro (arm64),14
,variants,8,1000,16,,19,9500,369626,1.5630966653116047,6077.679142195704,0.22551568991141363,0.0,False,596edea,Davids-MacBook-Pro.local,2026-05-29T14:13:58,Apple M4 Pro,Apple M4 Pro (arm64),14
,variants,8,1000,128,,140,70000,2723560,1.503031959058717,46572.52933186992,1.7280997955745647,0.0,False,596edea,Davids-MacBook-Pro.local,2026-05-29T14:13:58,Apple M4 Pro,Apple M4 Pro (arm64),14
,variants,8,10000,16,,17,8500,2328269,1.5300980443134904,5555.199571419424,1.4511556009347726,0.0,False,596edea,Davids-MacBook-Pro.local,2026-05-29T14:13:58,Apple M4 Pro,Apple M4 Pro (arm64),14
,variants,8,10000,128,,134,67000,18352238,1.5075958768138662,44441.61796302928,11.609250395512774,0.0,False,596edea,Davids-MacBook-Pro.local,2026-05-29T14:13:58,Apple M4 Pro,Apple M4 Pro (arm64),14
buffered,haplotypes,16,5000,64,268435456,159,79500,794882340,1.5096383780473843,52661.61827631058,502.1459994965142,61936.0,False,596edea,Davids-MacBook-Pro.local,2026-05-29T14:13:58,Apple M4 Pro,Apple M4 Pro (arm64),14
double_buffered,haplotypes,16,5000,64,268435456,105,52500,524922300,1.503540249192156,34917.588689899036,332.9507912328046,16.0,False,596edea,Davids-MacBook-Pro.local,2026-05-29T14:13:58,Apple M4 Pro,Apple M4 Pro (arm64),14
,haplotypes,16,5000,64,,72,36000,359946720,1.5144140023039654,23771.5710137592,226.66981526612437,15296.0,False,596edea,Davids-MacBook-Pro.local,2026-05-29T14:13:58,Apple M4 Pro,Apple M4 Pro (arm64),14
buffered,annotated,16,5000,64,268435456,34,17000,1529773560,1.5153111258987337,11218.818174991799,962.7763758575163,288.0,False,596edea,Davids-MacBook-Pro.local,2026-05-29T14:13:58,Apple M4 Pro,Apple M4 Pro (arm64),14
double_buffered,annotated,16,5000,64,268435456,28,14000,1259813520,1.5229115422116593,9192.9173901121,788.9176516060378,0.0,False,596edea,Davids-MacBook-Pro.local,2026-05-29T14:13:58,Apple M4 Pro,Apple M4 Pro (arm64),14
,annotated,16,5000,64,,20,10000,899866800,1.5459836260415614,6468.373811697256,555.1028102050602,59632.0,False,596edea,Davids-MacBook-Pro.local,2026-05-29T14:13:58,Apple M4 Pro,Apple M4 Pro (arm64),14
buffered,variants,16,5000,64,268435456,432,216000,31713552,1.5017267173388973,143834.42573543487,20.139749579742446,0.0,False,596edea,Davids-MacBook-Pro.local,2026-05-29T14:13:58,Apple M4 Pro,Apple M4 Pro (arm64),14
double_buffered,variants,16,5000,64,268435456,310,155000,22757410,1.5018637989414856,103205.09763218481,14.450816006233824,0.0,False,596edea,Davids-MacBook-Pro.local,2026-05-29T14:13:58,Apple M4 Pro,Apple M4 Pro (arm64),14
,variants,16,5000,64,,75,37500,5505825,1.5200243354775012,24670.657649845936,3.454394624200516,0.0,False,596edea,Davids-MacBook-Pro.local,2026-05-29T14:13:58,Apple M4 Pro,Apple M4 Pro (arm64),14
